AA,MW,Name
C,587.71,Fmoc-Cys(Trt)-OH; [0.40M]
P,337.37,Fmoc-Pro-OH; [0.40M]
K,468.54,Fmoc-Lys(Boc)-OH; [0.40M]
V,339.39,Fmoc-Val-OH; [0.40M]
D,411.45,Fmoc-Asp(tBu)-OH; [0.40M]
S,383.44,Fmoc-Ser(tBu)-OH; [0.40M]
A,311.3,Fmoc-Ala-OH; [0.40M]
T,397.46,Fmoc-Thr(tBu)-OH; [0.40M]
W,526.58,Fmoc-Trp(Boc)-OH; [0.40M]
F,387.43,Fmoc-Phe-OH; [0.40M]
L,353.41,Fmoc-Leu-OH; [0.40M]
H,619.71,Fmoc-His(Trt)-OH; [0.40M]
E,425.47,Fmoc-Glu(OtBu)-OH; [0.40M]
I,353.41,Fmoc-Ile-OH; [0.40M]
G,297.31,Fmoc-Gly-OH; [0.40M]
Q,610.7,Fmoc-Gln(Trt)-OH; [0.40M]
Y,459.53,Fmoc-Tyr(tBu)-OH; [0.40M]
N,596.67,Fmoc-Asn(Trt)-OH; [0.40M]
M,371.45,Fmoc-Met-OH; [0.40M]
R,648.77,Fmoc-Arg(Pbf)-OH; [0.40M]
Pra,335.35,Fmoc-Pra-OH ; [0.40M]
Orn,454.52,Fmoc-Orn(Boc)-OH; [0.04M]
